,Tiempo,Descarga
1,1,1
2,2,4
3,3,6
4,4,8.666666667
5,5,11.16666667
6,6,13.66666667
7,7,16.16666667
8,8,18.66666667
9,9,21.16666667
10,10,23.66666667
11,11,26.16666667
12,12,1
13,13,4
14,14,6
15,15,8.666666667
16,16,11.16666667
17,17,13.66666667
18,18,16.16666667
19,19,18.66666667
20,20,21.16666667
21,21,23.66666667
22,22,26.16666667
